Date,AUD_index,,,,,,,,,
31/05/1970,100,,,,,,,,,
30/06/1970,99.6,,,,,,,,,
31/07/1970,99.4,,,,,,,,,
31/08/1970,99.1,,,,,,,,,
30/09/1970,99.2,,,,,,,,,
31/10/1970,99.2,,,,,,,,,
30/11/1970,99.2,,,,,,,,,
31/12/1970,99.3,,,,,,,,,
31/01/1971,100,,,,,,,,,
28/02/1971,100,,,,,,,,,
31/03/1971,100,,,,,,,,,
30/04/1971,100,,,,,,,,,
31/05/1971,99.8,,,,,,,,,
30/06/1971,99.8,,,,,,,,,
31/07/1971,99.7,,,,,,,,,
31/08/1971,99.3,,,,,,,,,
30/09/1971,99.8,,,,,,,,,
31/10/1971,99.4,,,,,,,,,
30/11/1971,99.3,,,,,,,,,
31/12/1971,99.8,,,,,,,,,
31/01/1972,98.8,,,,,,,,,
29/02/1972,98.1,,,,,,,,,
31/03/1972,97.8,,,,,,,,,
30/04/1972,97.9,,,,,,,,,
31/05/1972,97.9,,,,,,,,,
30/06/1972,98.5,,,,,,,,,
31/07/1972,98.6,,,,,,,,,
31/08/1972,98.5,,,,,,,,,
30/09/1972,98.9,,,,,,,,,
31/10/1972,99.8,,,,,,,,,
30/11/1972,99.4,,,,,,,,,
31/12/1972,106.5,,,,,,,,,
31/01/1973,105.9,,,,,,,,,
28/02/1973,110.7,,,,,,,,,
31/03/1973,110.5,,,,,,,,,
30/04/1973,110.5,,,,,,,,,
31/05/1973,109.1,,,,,,,,,
30/06/1973,107.9,,,,,,,,,
31/07/1973,107.9,,,,,,,,,
31/08/1973,108.9,,,,,,,,,
30/09/1973,113.9,,,,,,,,,
31/10/1973,113.8,,,,,,,,,
30/11/1973,117.3,,,,,,,,,
31/12/1973,118.1,,,,,,,,,
31/01/1974,121.3,,,,,,,,,
28/02/1974,119,,,,,,,,,
31/03/1974,115.5,,,,,,,,,
30/04/1974,116,,,,,,,,,
31/05/1974,117,,,,,,,,,
30/06/1974,117.3,,,,,,,,,
31/07/1974,118.8,,,,,,,,,
31/08/1974,120.5,,,,,,,,,
30/09/1974,105.3,,,,,,,,,
31/10/1974,105.3,,,,,,,,,
30/11/1974,105.3,,,,,,,,,
31/12/1974,105.3,,,,,,,,,
31/01/1975,105.3,,,,,,,,,
28/02/1975,105.3,,,,,,,,,
31/03/1975,105.3,,,,,,,,,
30/04/1975,105.3,,,,,,,,,
31/05/1975,105.3,,,,,,,,,
30/06/1975,105.3,,,,,,,,,
31/07/1975,105.3,,,,,,,,,
31/08/1975,105.3,,,,,,,,,
30/09/1975,105.3,,,,,,,,,
31/10/1975,105.3,,,,,,,,,
30/11/1975,105.3,,,,,,,,,
31/12/1975,105.3,,,,,,,,,
31/01/1976,105.3,,,,,,,,,
29/02/1976,105.3,,,,,,,,,
31/03/1976,105.3,,,,,,,,,
30/04/1976,105.3,,,,,,,,,
31/05/1976,105.3,,,,,,,,,
30/06/1976,105.3,,,,,,,,,
31/07/1976,105.3,,,,,,,,,
31/08/1976,105.3,,,,,,,,,
30/09/1976,105.3,,,,,,,,,
31/10/1976,105.3,,,,,,,,,
30/11/1976,86.9,,,,,,,,,
31/12/1976,92.2,,,,,,,,,
31/01/1977,92.2,,,,,,,,,
28/02/1977,92.5,,,,,,,,,
31/03/1977,92.5,,,,,,,,,
30/04/1977,92.5,,,,,,,,,
31/05/1977,92.5,,,,,,,,,
30/06/1977,92.5,,,,,,,,,
31/07/1977,92.5,,,,,,,,,
31/08/1977,91.5,,,,,,,,,
30/09/1977,91.5,,,,,,,,,
31/10/1977,90.9,,,,,,,,,
30/11/1977,90,,,,,,,,,
31/12/1977,89.4,,,,,,,,,
31/01/1978,89.2,,,,,,,,,
28/02/1978,88.5,,,,,,,,,
31/03/1978,87.5,,,,,,,,,
30/04/1978,87.5,,,,,,,,,
31/05/1978,87.3,,,,,,,,,
30/06/1978,86.2,,,,,,,,,
31/07/1978,84.7,,,,,,,,,
31/08/1978,83.7,,,,,,,,,
30/09/1978,83.6,,,,,,,,,
31/10/1978,82.2,,,,,,,,,
30/11/1978,83.2,,,,,,,,,
31/12/1978,82.7,,,,,,,,,
31/01/1979,82.8,,,,,,,,,
28/02/1979,82.4,,,,,,,,,
31/03/1979,82.3,,,,,,,,,
30/04/1979,82.8,,,,,,,,,
31/05/1979,83.1,,,,,,,,,
30/06/1979,83.1,,,,,,,,,
31/07/1979,83.3,,,,,,,,,
31/08/1979,83.5,,,,,,,,,
30/09/1979,83.5,,,,,,,,,
31/10/1979,83.8,,,,,,,,,
30/11/1979,83.6,,,,,,,,,
31/12/1979,83.3,,,,,,,,,
31/01/1980,83.2,,,,,,,,,
29/02/1980,83.5,,,,,,,,,
31/03/1980,84.4,,,,,,,,,
30/04/1980,84.5,,,,,,,,,
31/05/1980,84.8,,,,,,,,,
30/06/1980,85,,,,,,,,,
31/07/1980,85.5,,,,,,,,,
31/08/1980,85.8,,,,,,,,,
30/09/1980,85.8,,,,,,,,,
31/10/1980,86.2,,,,,,,,,
30/11/1980,86.8,,,,,,,,,
31/12/1980,87.1,,,,,,,,,
31/01/1981,87.5,,,,,,,,,
28/02/1981,88.2,,,,,,,,,
31/03/1981,88.8,,,,,,,,,
30/04/1981,89.5,,,,,,,,,
31/05/1981,90.8,,,,,,,,,
30/06/1981,92.9,,,,,,,,,
31/07/1981,94.2,,,,,,,,,
31/08/1981,94.4,,,,,,,,,
30/09/1981,93.8,,,,,,,,,
31/10/1981,93,,,,,,,,,
30/11/1981,91.2,,,,,,,,,
31/12/1981,90.5,,,,,,,,,
31/01/1982,90.1,,,,,,,,,
28/02/1982,89.2,,,,,,,,,
31/03/1982,88.8,,,,,,,,,
30/04/1982,88.2,,,,,,,,,
31/05/1982,88,,,,,,,,,
30/06/1982,88.2,,,,,,,,,
31/07/1982,86.1,,,,,,,,,
31/08/1982,84.1,,,,,,,,,
30/09/1982,83.8,,,,,,,,,
31/10/1982,83.9,,,,,,,,,
30/11/1982,83.5,,,,,,,,,
31/12/1982,83.4,,,,,,,,,
31/01/1983,83.6,,,,,,,,,
28/02/1983,82.4,,,,,,,,,
31/03/1983,76.1,,,,,,,,,
30/04/1983,76.2,,,,,,,,,
31/05/1983,77.6,,,,,,,,,
30/06/1983,77.7,,,,,,,,,
31/07/1983,78.8,,,,,,,,,
31/08/1983,79.6,,,,,,,,,
30/09/1983,80.4,,,,,,,,,
31/10/1983,81.7,,,,,,,,,
30/11/1983,82,,,,,,,,,
31/12/1983,81.1,,,,,,,,,
31/01/1984,83.5,,,,,,,,,
29/02/1984,84.2,,,,,,,,,
31/03/1984,82.9,,,,,,,,,
30/04/1984,82.6,,,,,,,,,
31/05/1984,81.6,,,,,,,,,
30/06/1984,79.2,,,,,,,,,
31/07/1984,78.7,,,,,,,,,
31/08/1984,80.1,,,,,,,,,
30/09/1984,80.3,,,,,,,,,
31/10/1984,82,,,,,,,,,
30/11/1984,83.5,,,,,,,,,
31/12/1984,81.3,,,,,,,,,
31/01/1985,80.8,,,,,,,,,
28/02/1985,72.3,,,,,,,,,
31/03/1985,69.2,,,,,,,,,
30/04/1985,64.2,,,,,,,,,
31/05/1985,64.8,,,,,,,,,
30/06/1985,65,,,,,,,,,
31/07/1985,68.5,,,,,,,,,
31/08/1985,66.4,,,,,,,,,
30/09/1985,64.8,,,,,,,,,
31/10/1985,63.4,,,,,,,,,
30/11/1985,60.9,,,,,,,,,
31/12/1985,60.7,,,,,,,,,
31/01/1986,62.7,,,,,,,,,
28/02/1986,59.8,,,,,,,,,
31/03/1986,61.1,,,,,,,,,
30/04/1986,61.4,,,,,,,,,
31/05/1986,60.7,,,,,,,,,
30/06/1986,56.3,,,,,,,,,
31/07/1986,49.3,,,,,,,,,
31/08/1986,50.3,,,,,,,,,
30/09/1986,51.9,,,,,,,,,
31/10/1986,54,,,,,,,,,
30/11/1986,54.3,,,,,,,,,
31/12/1986,55,,,,,,,,,
31/01/1987,52.8,,,,,,,,,
28/02/1987,54.1,,,,,,,,,
31/03/1987,55.4,,,,,,,,,
30/04/1987,54.5,,,,,,,,,
31/05/1987,55.8,,,,,,,,,
30/06/1987,56.6,,,,,,,,,
31/07/1987,55.3,,,,,,,,,
31/08/1987,55.2,,,,,,,,,
30/09/1987,56.2,,,,,,,,,
31/10/1987,51.7,,,,,,,,,
30/11/1987,52.3,,,,,,,,,
31/12/1987,52,,,,,,,,,
31/01/1988,52.5,,,,,,,,,
29/02/1988,53.1,,,,,,,,,
31/03/1988,53.8,,,,,,,,,
30/04/1988,55.2,,,,,,,,,
31/05/1988,58.9,,,,,,,,,
30/06/1988,59.8,,,,,,,,,
31/07/1988,61,,,,,,,,,
31/08/1988,61.8,,,,,,,,,
30/09/1988,60,,,,,,,,,
31/10/1988,61.1,,,,,,,,,
30/11/1988,63.7,,,,,,,,,
31/12/1988,63.2,,,,,,,,,
31/01/1989,66.7,,,,,,,,,
28/02/1989,59.6,,,,,,,,,
31/03/1989,62.2,,,,,,,,,
30/04/1989,60,,,,,,,,,
31/05/1989,58.8,,,,,,,,,
30/06/1989,59.4,,,,,,,,,
31/07/1989,57.8,,,,,,,,,
31/08/1989,60,,,,,,,,,
30/09/1989,59.8,,,,,,,,,
31/10/1989,60.7,,,,,,,,,
30/11/1989,60.4,,,,,,,,,
31/12/1989,61.1,,,,,,,,,
31/01/1990,59.4,,,,,,,,,
28/02/1990,59,,,,,,,,,
31/03/1990,59.8,,,,,,,,,
30/04/1990,59.6,,,,,,,,,
31/05/1990,60.2,,,,,,,,,
30/06/1990,61.6,,,,,,,,,
31/07/1990,60.4,,,,,,,,,
31/08/1990,61.4,,,,,,,,,
30/09/1990,61.6,,,,,,,,,
31/10/1990,57.2,,,,,,,,,
30/11/1990,56.9,,,,,,,,,
31/12/1990,57.3,,,,,,,,,
31/01/1991,57.5,,,,,,,,,
28/02/1991,57.9,,,,,,,,,
31/03/1991,59.7,,,,,,,,,
30/04/1991,60.2,,,,,,,,,
31/05/1991,58.5,,,,,,,,,
30/06/1991,59.7,,,,,,,,,
31/07/1991,60.1,,,,,,,,,
31/08/1991,60.5,,,,,,,,,
30/09/1991,60.6,,,,,,,,,
31/10/1991,59.3,,,,,,,,,
30/11/1991,59,,,,,,,,,
31/12/1991,55.9,,,,,,,,,
31/01/1992,55.8,,,,,,,,,
29/02/1992,56.8,,,,,,,,,
31/03/1992,58.6,,,,,,,,,
30/04/1992,57.9,,,,,,,,,
31/05/1992,56.9,,,,,,,,,
30/06/1992,55.2,,,,,,,,,
31/07/1992,54.7,,,,,,,,,
31/08/1992,51.6,,,,,,,,,
30/09/1992,51.7,,,,,,,,,
31/10/1992,51.9,,,,,,,,,
30/11/1992,51.8,,,,,,,,,
31/12/1992,52.4,,,,,,,,,
31/01/1993,51.6,,,,,,,,,
28/02/1993,52.7,,,,,,,,,
31/03/1993,52.9,,,,,,,,,
30/04/1993,52.3,,,,,,,,,
31/05/1993,49.4,,,,,,,,,
30/06/1993,49.5,,,,,,,,,
31/07/1993,50.9,,,,,,,,,
31/08/1993,49.3,,,,,,,,,
30/09/1993,47.3,,,,,,,,,
31/10/1993,49.4,,,,,,,,,
30/11/1993,49.1,,,,,,,,,
31/12/1993,50.8,,,,,,,,,
31/01/1994,54,,,,,,,,,
28/02/1994,53.6,,,,,,,,,
31/03/1994,52.1,,,,,,,,,
30/04/1994,52.6,,,,,,,,,
31/05/1994,54.6,,,,,,,,,
30/06/1994,53,,,,,,,,,
31/07/1994,53.9,,,,,,,,,
31/08/1994,53.9,,,,,,,,,
30/09/1994,53.4,,,,,,,,,
31/10/1994,53.1,,,,,,,,,
30/11/1994,55.5,,,,,,,,,
31/12/1994,56.2,,,,,,,,,
31/01/1995,54.5,,,,,,,,,
28/02/1995,52.9,,,,,,,,,
31/03/1995,50.7,,,,,,,,,
30/04/1995,49.6,,,,,,,,,
31/05/1995,48.5,,,,,,,,,
30/06/1995,48.4,,,,,,,,,
31/07/1995,51,,,,,,,,,
31/08/1995,53.9,,,,,,,,,
30/09/1995,53.8,,,,,,,,,
31/10/1995,54.3,,,,,,,,,
30/11/1995,53.8,,,,,,,,,
31/12/1995,53.9,,,,,,,,,
31/01/1996,54.7,,,,,,,,,
29/02/1996,55.5,,,,,,,,,
31/03/1996,56.8,,,,,,,,,
30/04/1996,57.1,,,,,,,,,
31/05/1996,58.7,,,,,,,,,
30/06/1996,58.1,,,,,,,,,
31/07/1996,56.5,,,,,,,,,
31/08/1996,57.9,,,,,,,,,
30/09/1996,58.5,,,,,,,,,
31/10/1996,58.6,,,,,,,,,
30/11/1996,59.9,,,,,,,,,
31/12/1996,59.4,,,,,,,,,
31/01/1997,58.1,,,,,,,,,
28/02/1997,59.3,,,,,,,,,
31/03/1997,60.5,,,,,,,,,
30/04/1997,60.7,,,,,,,,,
31/05/1997,58,,,,,,,,,
30/06/1997,56.7,,,,,,,,,
31/07/1997,58.3,,,,,,,,,
31/08/1997,58.2,,,,,,,,,
30/09/1997,57.7,,,,,,,,,
31/10/1997,57.1,,,,,,,,,
30/11/1997,57,,,,,,,,,
31/12/1997,58.1,,,,,,,,,
31/01/1998,61.9,,,,,,,,,
28/02/1998,60.6,,,,,,,,,
31/03/1998,59.6,,,,,,,,,
30/04/1998,58,,,,,,,,,
31/05/1998,57.5,,,,,,,,,
30/06/1998,57.9,,,,,,,,,
31/07/1998,57.3,,,,,,,,,
31/08/1998,53.4,,,,,,,,,
30/09/1998,54.5,,,,,,,,,
31/10/1998,54.2,,,,,,,,,
30/11/1998,55.6,,,,,,,,,
31/12/1998,53,,,,,,,,,
31/01/1999,54.8,,,,,,,,,
28/02/1999,55.4,,,,,,,,,
31/03/1999,56.1,,,,,,,,,
30/04/1999,58.3,,,,,,,,,
31/05/1999,58,,,,,,,,,
30/06/1999,58.4,,,,,,,,,
31/07/1999,57.1,,,,,,,,,
31/08/1999,56,,,,,,,,,
30/09/1999,57,,,,,,,,,
31/10/1999,55.7,,,,,,,,,
30/11/1999,55.3,,,,,,,,,
31/12/1999,56.4,,,,,,,,,
31/01/2000,56,,,,,,,,,
29/02/2000,54.5,,,,,,,,,
31/03/2000,53.1,,,,,,,,,
30/04/2000,52.5,,,,,,,,,
31/05/2000,51.4,,,,,,,,,
30/06/2000,53.3,,,,,,,,,
31/07/2000,52.7,,,,,,,,,
31/08/2000,52.2,,,,,,,,,
30/09/2000,49.9,,,,,,,,,
31/10/2000,48.2,,,,,,,,,
30/11/2000,49.2,,,,,,,,,
31/12/2000,51.6,,,,,,,,,
31/01/2001,51.1,,,,,,,,,
28/02/2001,49.3,,,,,,,,,
31/03/2001,47.4,,,,,,,,,
30/04/2001,49.2,,,,,,,,,
31/05/2001,49.3,,,,,,,,,
30/06/2001,49.7,,,,,,,,,
31/07/2001,48.8,,,,,,,,,
31/08/2001,50.4,,,,,,,,,
30/09/2001,47,,,,,,,,,
31/10/2001,48.7,,,,,,,,,
30/11/2001,50.4,,,,,,,,,
31/12/2001,50.2,,,,,,,,,
31/01/2002,50.2,,,,,,,,,
28/02/2002,51.1,,,,,,,,,
31/03/2002,52.2,,,,,,,,,
30/04/2002,52.1,,,,,,,,,
31/05/2002,53.5,,,,,,,,,
30/06/2002,52.3,,,,,,,,,
31/07/2002,50.9,,,,,,,,,
31/08/2002,51.3,,,,,,,,,
30/09/2002,50.9,,,,,,,,,
31/10/2002,51.8,,,,,,,,,
30/11/2002,52.2,,,,,,,,,
31/12/2002,51.7,,,,,,,,,
31/01/2003,53.2,,,,,,,,,
28/02/2003,54.7,,,,,,,,,
31/03/2003,54.8,,,,,,,,,
30/04/2003,56.1,,,,,,,,,
31/05/2003,57.7,,,,,,,,,
30/06/2003,59.4,,,,,,,,,
31/07/2003,58.3,,,,,,,,,
31/08/2003,57.3,,,,,,,,,
30/09/2003,59.1,,,,,,,,,
31/10/2003,61,,,,,,,,,
30/11/2003,62.1,,,,,,,,,
31/12/2003,63.5,,,,,,,,,
31/01/2004,64.5,,,,,,,,,
29/02/2004,65.2,,,,,,,,,
31/03/2004,63.8,,,,,,,,,
30/04/2004,62.1,,,,,,,,,
31/05/2004,61.1,,,,,,,,,
30/06/2004,59.1,,,,,,,,,
31/07/2004,60.2,,,,,,,,,
31/08/2004,60.1,,,,,,,,,
30/09/2004,61,,,,,,,,,
31/10/2004,62.5,,,,,,,,,
30/11/2004,63.6,,,,,,,,,
31/12/2004,63.2,,,,,,,,,
31/01/2005,63.5,,,,,,,,,
28/02/2005,64.4,,,,,,,,,
31/03/2005,63.8,,,,,,,,,
30/04/2005,64.1,,,,,,,,,
31/05/2005,63.2,,,,,,,,,
30/06/2005,64.5,,,,,,,,,
31/07/2005,64.3,,,,,,,,,
31/08/2005,63.3,,,,,,,,,
30/09/2005,64.7,,,,,,,,,
31/10/2005,63.9,,,,,,,,,
30/11/2005,63.7,,,,,,,,,
31/12/2005,62.7,,,,,,,,,
31/01/2006,63.4,,,,,,,,,
28/02/2006,62.6,,,,,,,,,
31/03/2006,60.8,,,,,,,,,
30/04/2006,62.8,,,,,,,,,
31/05/2006,63.2,,,,,,,,,
30/06/2006,62.2,,,,,,,,,
31/07/2006,63.9,,,,,,,,,
31/08/2006,63.7,,,,,,,,,
30/09/2006,62.6,,,,,,,,,
31/10/2006,64,,,,,,,,,
30/11/2006,64.5,,,,,,,,,
31/12/2006,64.9,,,,,,,,,
31/01/2007,63.8,,,,,,,,,
28/02/2007,64.6,,,,,,,,,
31/03/2007,65.9,,,,,,,,,
30/04/2007,67,,,,,,,,,
31/05/2007,67,,,,,,,,,
30/06/2007,68.9,,,,,,,,,
31/07/2007,68.8,,,,,,,,,
31/08/2007,66.2,,,,,,,,,
30/09/2007,70,,,,,,,,,
31/10/2007,72.2,,,,,,,,,
30/11/2007,68.9,,,,,,,,,
31/12/2007,68.7,,,,,,,,,
31/01/2008,68.3,,,,,,,,,
29/02/2008,71.8,,,,,,,,,
31/03/2008,68.9,,,,,,,,,
30/04/2008,70.7,,,,,,,,,
31/05/2008,72.8,,,,,,,,,
30/06/2008,73.4,,,,,,,,,
31/07/2008,72.2,,,,,,,,,
31/08/2008,67.7,,,,,,,,,
30/09/2008,63.4,,,,,,,,,
31/10/2008,54.7,,,,,,,,,
30/11/2008,54.6,,,,,,,,,
31/12/2008,55.6,,,,,,,,,
31/01/2009,53.2,,,,,,,,,
28/02/2009,54.8,,,,,,,,,
31/03/2009,57.4,,,,,,,,,
30/04/2009,59.7,,,,,,,,,
31/05/2009,63.3,,,,,,,,,
30/06/2009,64.7,,,,,,,,,
31/07/2009,65.7,,,,,,,,,
31/08/2009,66.3,,,,,,,,,
30/09/2009,68.2,,,,,,,,,
31/10/2009,70.7,,,,,,,,,
30/11/2009,69.9,,,,,,,,,
31/12/2009,69.7,,,,,,,,,
29/01/2010,69.2,,,,,,,,,
26/02/2010,69.5,,,,,,,,,
31/03/2010,71.7,,,,,,,,,
30/04/2010,72.5,,,,,,,,,
31/05/2010,67.5,,,,,,,,,
30/06/2010,67.3,,,,,,,,,
30/07/2010,69.4,,,,,,,,,
31/08/2010,69,,,,,,,,,
30/09/2010,72.9,,,,,,,,,
29/10/2010,72.7,,,,,,,,,
30/11/2010,73,,,,,,,,,
31/12/2010,75.8,,,,,,,,,
31/01/2011,74,,,,,,,,,
28/02/2011,75.5,,,,,,,,,
31/03/2011,76.3,,,,,,,,,
29/04/2011,78.9,,,,,,,,,
31/05/2011,77.8,,,,,,,,,
30/06/2011,77.8,,,,,,,,,
29/07/2011,78.4,,,,,,,,,
31/08/2011,76.5,,,,,,,,,
30/09/2011,72.4,,,,,,,,,
31/10/2011,76.9,,,,,,,,,
30/11/2011,74.6,,,,,,,,,
30/12/2011,75.8,,,,,,,,,
31/01/2012,77.9,,,,,,,,,
29/02/2012,79.2,,,,,,,,,
30/03/2012,76.9,,,,,,,,,
30/04/2012,77,,,,,,,,,
31/05/2012,73.6,,,,,,,,,
29/06/2012,76.5,,,,,,,,,
31/07/2012,78.9,,,,,,,,,
31/08/2012,77,,,,,,,,,
28/09/2012,76.9,,,,,,,,,
31/10/2012,76.5,,,,,,,,,
30/11/2012,77.2,,,,,,,,,
31/12/2012,77.1,,,,,,,,,
31/01/2013,77.7,,,,,,,,,
28/02/2013,77.4,,,,,,,,,
29/03/2013,79.1,,,,,,,,,
30/04/2013,78.4,,,,,,,,,
31/05/2013,74,,,,,,,,,
28/06/2013,71.4,,,,,,,,,
31/07/2013,69.4,,,,,,,,,
30/08/2013,69.2,,,,,,,,,
30/09/2013,71.2,,,,,,,,,
31/10/2013,72.1,,,,,,,,,
29/11/2013,69.8,,,,,,,,,
31/12/2013,68.9,,,,,,,,,
31/01/2014,67.7,,,,,,,,,
28/02/2014,68.9,,,,,,,,,
31/03/2014,71,,,,,,,,,
30/04/2014,71.4,,,,,,,,,
30/05/2014,71.5,,,,,,,,,
30/06/2014,72,,,,,,,,,
31/07/2014,71.5,,,,,,,,,
29/08/2014,71.9,,,,,,,,,
30/09/2014,68.9,,,,,,,,,
31/10/2014,69.4,,,,,,,,,
28/11/2014,68.2,,,,,,,,,
31/12/2014,66.5,,,,,,,,,
30/01/2015,63.9,,,,,,,,,
27/02/2015,64.1,,,,,,,,,
31/03/2015,63.3,,,,,,,,,
30/04/2015,65.3,,,,,,,,,
29/05/2015,63.7,,,,,,,,,
30/06/2015,63.8,,,,,,,,,
31/07/2015,61.4,,,,,,,,,
31/08/2015,60.9,,,,,,,,,
30/09/2015,59.9,,,,,,,,,
30/10/2015,60.3,,,,,,,,,
30/11/2015,61.8,,,,,,,,,
31/12/2015,62.7,,,,,,,,,
29/01/2016,61.5,,,,,,,,,
29/02/2016,61.4,,,,,,,,,
31/03/2016,64.4,,,,,,,,,
29/04/2016,63.8,,,,,,,,,
31/05/2016,61.7,,,,,,,,,
30/06/2016,62.5,,,,,,,,,
29/07/2016,63.3,,,,,,,,,
31/08/2016,63.2,,,,,,,,,
30/09/2016,63.9,,,,,,,,,
31/10/2016,65,,,,,,,,,
30/11/2016,65.3,,,,,,,,,
30/12/2016,63.9,,,,,,,,,
31/01/2017,65.8,,,,,,,,,
28/02/2017,66.7,,,,,,,,,
31/03/2017,66.2,,,,,,,,,
28/04/2017,64.5,,,,,,,,,
31/05/2017,63.8,,,,,,,,,
30/06/2017,65.5,,,,,,,,,
31/07/2017,67.3,,,,,,,,,
31/08/2017,66.3,,,,,,,,,
29/09/2017,66.2,,,,,,,,,
31/10/2017,64.9,,,,,,,,,
30/11/2017,63.6,,,,,,,,,
29/12/2017,64.9,,,,,,,,,
31/01/2018,65.6,,,,,,,,,
28/02/2018,63.6,,,,,,,,,
29/03/2018,62.3,,,,,,,,,
30/04/2018,62.1,,,,,,,,,
31/05/2018,62.8,,,,,,,,,
29/06/2018,62.6,,,,,,,,,
31/07/2018,63.5,,,,,,,,,
31/08/2018,62.2,,,,,,,,,
28/09/2018,62.2,,,,,,,,,
31/10/2018,61.9,,,,,,,,,
30/11/2018,63.3,,,,,,,,,
31/12/2018,60.7,,,,,,,,,
31/01/2019,61.6,,,,,,,,,
28/02/2019,60.7,,,,,,,,,
29/03/2019,60.5,,,,,,,,,
30/04/2019,60.5,,,,,,,,,
31/05/2019,60,,,,,,,,,
28/06/2019,60.1,,,,,,,,,
31/07/2019,59.5,,,,,,,,,
30/08/2019,58.9,,,,,,,,,
30/09/2019,59.2,,,,,,,,,
31/10/2019,60,,,,,,,,,
29/11/2019,59,,,,,,,,,
31/12/2019,60.3,,,,,,,,,
31/01/2020,58.1,,,,,,,,,
28/02/2020,57,,,,,,,,,
31/03/2020,54.7,,,,,,,,,
30/04/2020,57.8,,,,,,,,,
29/05/2020,58.8,,,,,,,,,
30/06/2020,60,,,,,,,,,
31/07/2020,61.9,,,,,,,,,
31/08/2020,62.6,,,,,,,,,
30/09/2020,60.7,,,,,,,,,
30/10/2020,59.5,,,,,,,,,
30/11/2020,61.5,,,,,,,,,
31/12/2020,63.4,,,,,,,,,
29/01/2021,63,,,,,,,,,
26/02/2021,64.5,,,,,,,,,
31/03/2021,63.9,,,,,,,,,
30/04/2021,64.4,,,,,,,,,
31/05/2021,63.5,,,,,,,,,
30/06/2021,62.7,,,,,,,,,
30/07/2021,61.6,,,,,,,,,
31/08/2021,61.2,,,,,,,,,
30/09/2021,60.8,,,,,,,,,
29/10/2021,63.1,,,,,,,,,
30/11/2021,60.2,,,,,,,,,
31/12/2021,61.1,,,,,,,,,
31/01/2022,59.3,,,,,,,,,
28/02/2022,60.6,,,,,,,,,
31/03/2022,63.6,,,,,,,,,
29/04/2022,63.1,,,,,,,,,
31/05/2022,63.2,,,,,,,,,
30/06/2022,61.8,,,,,,,,,
29/07/2022,63.1,,,,,,,,,
31/08/2022,63.3,,,,,,,,,
30/09/2022,61.5,,,,,,,,,
31/10/2022,61.3,,,,,,,,,
30/11/2022,62.1,,,,,,,,,
30/12/2022,61.4,,,,,,,,,
31/01/2023,62.4,,,,,,,,,
28/02/2023,61.4,,,,,,,,,
31/03/2023,60.3,,,,,,,,,
28/04/2023,59.8,,,,,,,,,
31/05/2023,59.8,,,,,,,,,
30/06/2023,61.7,,,,,,,,,
31/07/2023,61.3,,,,,,,,,
31/08/2023,60.6,,,,,,,,,
29/09/2023,61.1,,,,,,,,,
31/10/2023,60.2,,,,,,,,,
30/11/2023,61.5,,,,,,,,,
29/12/2023,62.6,,,,,,,,,
31/01/2024,61.4,,,,,,,,,
29/02/2024,61.1,,,,,,,,,
28/03/2024,61.5,,,,,,,,,
30/04/2024,62.2,,,,,,,,,
31/05/2024,63.1,,,,,,,,,
28/06/2024,63.3,,,,,,,,,
31/07/2024,61.4,,,,,,,,,
30/08/2024,62.6,,,,,,,,,
30/09/2024,62.8,,,,,,,,,
31/10/2024,61.5,,,,,,,,,
29/11/2024,61.5,,,,,,,,,
31/12/2024,59.7,,,,,,,,,
31/01/2025,59.6,,,,,,,,,
28/02/2025,59.5,,,,,,,,,
31/03/2025,59.6,,,,,,,,,
30/04/2025,59.9,,,,,,,,,
30/05/2025,59.6,,,,,,,,,
30/06/2025,60.1,,,,,,,,,
31/07/2025,60.3,,,,,,,,,
29/08/2025,60.5,,,,,,,,,
30/09/2025,61.3,,,,,,,,,
31/10/2025,61.2,,,,,,,,,
28/11/2025,61.2,,,,,,,,,
31/12/2025,62.2,,,,,,,,,
30/01/2026,64.5,,,,,,,,,
27/02/2026,65.5,,,,,,,,,
