Date,Unemployment_rate
1/02/1978,6.87
1/03/1978,6.42
1/04/1978,6.50
1/05/1978,6.13
1/06/1978,6.40
1/07/1978,6.12
1/08/1978,6.28
1/09/1978,6.23
1/10/1978,5.99
1/11/1978,6.25
1/12/1978,6.06
1/01/1979,6.01
1/02/1979,5.97
1/03/1979,6.13
1/04/1979,6.42
1/05/1979,6.24
1/06/1979,6.16
1/07/1979,6.18
1/08/1979,5.53
1/09/1979,5.66
1/10/1979,5.85
1/11/1979,5.49
1/12/1979,5.68
1/01/1980,5.77
1/02/1980,5.65
1/03/1980,5.43
1/04/1980,5.44
1/05/1980,5.73
1/06/1980,5.65
1/07/1980,5.58
1/08/1980,5.77
1/09/1980,5.67
1/10/1980,5.37
1/11/1980,5.39
1/12/1980,5.59
1/01/1981,5.57
1/02/1981,5.22
1/03/1981,5.21
1/04/1981,5.06
1/05/1981,4.95
1/06/1981,4.51
1/07/1981,5.14
1/08/1981,5.03
1/09/1981,5.13
1/10/1981,5.26
1/11/1981,5.69
1/12/1981,5.59
1/01/1982,5.59
1/02/1982,6.10
1/03/1982,5.96
1/04/1982,6.02
1/05/1982,6.23
1/06/1982,6.61
1/07/1982,6.84
1/08/1982,6.79
1/09/1982,7.50
1/10/1982,8.68
1/11/1982,9.29
1/12/1982,10.11
1/01/1983,9.63
1/02/1983,10.34
1/03/1983,10.88
1/04/1983,10.65
1/05/1983,10.88
1/06/1983,10.94
1/07/1983,11.09
1/08/1983,11.11
1/09/1983,11.20
1/10/1983,10.96
1/11/1983,10.14
1/12/1983,10.13
1/01/1984,10.07
1/02/1984,10.00
1/03/1984,9.77
1/04/1984,9.99
1/05/1984,9.45
1/06/1984,9.68
1/07/1984,8.90
1/08/1984,9.16
1/09/1984,8.94
1/10/1984,9.04
1/11/1984,8.94
1/12/1984,8.69
1/01/1985,8.79
1/02/1985,8.74
1/03/1985,9.10
1/04/1985,8.88
1/05/1985,9.01
1/06/1985,9.17
1/07/1985,8.80
1/08/1985,9.02
1/09/1985,8.60
1/10/1985,7.98
1/11/1985,8.16
1/12/1985,8.35
1/01/1986,8.31
1/02/1986,8.52
1/03/1986,8.29
1/04/1986,8.46
1/05/1986,8.20
1/06/1986,8.19
1/07/1986,8.47
1/08/1986,8.58
1/09/1986,8.73
1/10/1986,8.65
1/11/1986,8.68
1/12/1986,8.57
1/01/1987,8.83
1/02/1987,8.70
1/03/1987,8.83
1/04/1987,8.87
1/05/1987,8.82
1/06/1987,8.72
1/07/1987,8.89
1/08/1987,8.62
1/09/1987,8.34
1/10/1987,8.59
1/11/1987,8.35
1/12/1987,7.77
1/01/1988,7.39
1/02/1988,7.08
1/03/1988,7.35
1/04/1988,8.06
1/05/1988,7.60
1/06/1988,7.67
1/07/1988,6.91
1/08/1988,7.27
1/09/1988,7.16
1/10/1988,6.92
1/11/1988,6.85
1/12/1988,7.02
1/01/1989,7.05
1/02/1989,6.56
1/03/1989,6.70
1/04/1989,6.42
1/05/1989,6.76
1/06/1989,6.30
1/07/1989,6.38
1/08/1989,6.14
1/09/1989,6.22
1/10/1989,5.83
1/11/1989,5.61
1/12/1989,5.81
1/01/1990,6.20
1/02/1990,6.44
1/03/1990,6.16
1/04/1990,6.20
1/05/1990,6.27
1/06/1990,6.30
1/07/1990,6.74
1/08/1990,6.59
1/09/1990,6.81
1/10/1990,6.60
1/11/1990,7.10
1/12/1990,7.30
1/01/1991,7.50
1/02/1991,7.76
1/03/1991,8.35
1/04/1991,8.57
1/05/1991,8.46
1/06/1991,8.42
1/07/1991,8.84
1/08/1991,9.28
1/09/1991,9.63
1/10/1991,9.45
1/11/1991,9.90
1/12/1991,10.19
1/01/1992,9.85
1/02/1992,9.78
1/03/1992,9.45
1/04/1992,9.81
1/05/1992,9.95
1/06/1992,10.25
1/07/1992,10.61
1/08/1992,10.66
1/09/1992,10.28
1/10/1992,11.14
1/11/1992,11.03
1/12/1992,11.19
1/01/1993,10.72
1/02/1993,11.23
1/03/1993,10.87
1/04/1993,10.73
1/05/1993,10.45
1/06/1993,10.80
1/07/1993,10.52
1/08/1993,10.75
1/09/1993,10.43
1/10/1993,10.83
1/11/1993,10.70
1/12/1993,10.59
1/01/1994,10.36
1/02/1994,10.03
1/03/1994,10.05
1/04/1994,9.97
1/05/1994,9.67
1/06/1994,10.00
1/07/1994,9.57
1/08/1994,9.13
1/09/1994,9.24
1/10/1994,8.92
1/11/1994,8.74
1/12/1994,8.91
1/01/1995,8.49
1/02/1995,8.58
1/03/1995,8.21
1/04/1995,7.69
1/05/1995,7.84
1/06/1995,7.72
1/07/1995,7.61
1/08/1995,7.87
1/09/1995,7.53
1/10/1995,7.51
1/11/1995,7.85
1/12/1995,7.33
1/01/1996,7.70
1/02/1996,7.48
1/03/1996,7.92
1/04/1996,8.16
1/05/1996,7.89
1/06/1996,7.67
1/07/1996,7.90
1/08/1996,8.17
1/09/1996,7.99
1/10/1996,7.81
1/11/1996,7.42
1/12/1996,7.86
1/01/1997,7.68
1/02/1997,8.09
1/03/1997,7.70
1/04/1997,7.84
1/05/1997,7.94
1/06/1997,7.40
1/07/1997,8.17
1/08/1997,7.70
1/09/1997,7.41
1/10/1997,7.81
1/11/1997,7.38
1/12/1997,7.17
1/01/1998,7.20
1/02/1998,7.28
1/03/1998,7.29
1/04/1998,6.94
1/05/1998,7.29
1/06/1998,7.24
1/07/1998,7.19
1/08/1998,7.23
1/09/1998,7.04
1/10/1998,6.42
1/11/1998,7.20
1/12/1998,6.43
1/01/1999,6.55
1/02/1999,6.46
1/03/1999,6.48
1/04/1999,6.52
1/05/1999,6.16
1/06/1999,5.78
1/07/1999,5.82
1/08/1999,6.64
1/09/1999,6.72
1/10/1999,5.84
1/11/1999,5.31
1/12/1999,5.91
1/01/2000,5.86
1/02/2000,5.75
1/03/2000,5.74
1/04/2000,5.36
1/05/2000,5.41
1/06/2000,5.33
1/07/2000,4.94
1/08/2000,5.18
1/09/2000,5.01
1/10/2000,5.15
1/11/2000,5.41
1/12/2000,5.62
1/01/2001,5.36
1/02/2001,5.71
1/03/2001,5.43
1/04/2001,5.75
1/05/2001,5.72
1/06/2001,6.00
1/07/2001,5.92
1/08/2001,6.25
1/09/2001,6.25
1/10/2001,6.57
1/11/2001,6.33
1/12/2001,6.16
1/01/2002,6.30
1/02/2002,5.77
1/03/2002,6.16
1/04/2002,6.16
1/05/2002,6.04
1/06/2002,6.14
1/07/2002,5.89
1/08/2002,5.73
1/09/2002,5.91
1/10/2002,5.45
1/11/2002,5.93
1/12/2002,6.01
1/01/2003,5.86
1/02/2003,5.83
1/03/2003,5.74
1/04/2003,5.73
1/05/2003,5.89
1/06/2003,5.83
1/07/2003,6.13
1/08/2003,5.51
1/09/2003,5.61
1/10/2003,5.55
1/11/2003,5.52
1/12/2003,5.35
1/01/2004,5.27
1/02/2004,5.28
1/03/2004,5.30
1/04/2004,5.34
1/05/2004,5.40
1/06/2004,5.40
1/07/2004,5.59
1/08/2004,5.46
1/09/2004,5.06
1/10/2004,5.09
1/11/2004,5.23
1/12/2004,5.04
1/01/2005,5.07
1/02/2005,5.27
1/03/2005,5.57
1/04/2005,5.04
1/05/2005,5.06
1/06/2005,4.98
1/07/2005,4.88
1/08/2005,4.90
1/09/2005,5.32
1/10/2005,5.20
1/11/2005,5.12
1/12/2005,5.30
1/01/2006,5.67
1/02/2006,5.21
1/03/2006,4.95
1/04/2006,5.46
1/05/2006,5.07
1/06/2006,5.29
1/07/2006,4.93
1/08/2006,5.33
1/09/2006,5.23
1/10/2006,4.70
1/11/2006,4.88
1/12/2006,4.83
1/01/2007,5.01
1/02/2007,5.28
1/03/2007,4.92
1/04/2007,5.11
1/05/2007,4.81
1/06/2007,4.59
1/07/2007,4.72
1/08/2007,4.68
1/09/2007,4.63
1/10/2007,4.59
1/11/2007,4.68
1/12/2007,4.66
1/01/2008,4.67
1/02/2008,4.24
1/03/2008,4.33
1/04/2008,4.54
1/05/2008,4.76
1/06/2008,4.59
1/07/2008,4.67
1/08/2008,4.88
1/09/2008,4.83
1/10/2008,5.17
1/11/2008,5.18
1/12/2008,5.26
1/01/2009,5.66
1/02/2009,6.04
1/03/2009,6.70
1/04/2009,6.10
1/05/2009,6.51
1/06/2009,6.44
1/07/2009,5.86
1/08/2009,6.07
1/09/2009,5.43
1/10/2009,6.08
1/11/2009,6.00
1/12/2009,5.85
1/01/2010,5.63
1/02/2010,5.32
1/03/2010,5.52
1/04/2010,5.82
1/05/2010,5.27
1/06/2010,5.21
1/07/2010,5.44
1/08/2010,4.90
1/09/2010,5.03
1/10/2010,5.38
1/11/2010,5.08
1/12/2010,4.59
1/01/2011,4.84
1/02/2011,4.77
1/03/2011,5.10
1/04/2011,5.23
1/05/2011,4.94
1/06/2011,5.25
1/07/2011,5.16
1/08/2011,5.38
1/09/2011,5.48
1/10/2011,5.27
1/11/2011,5.15
1/12/2011,5.61
1/01/2012,5.11
1/02/2012,5.10
1/03/2012,4.72
1/04/2012,5.01
1/05/2012,5.04
1/06/2012,5.19
1/07/2012,5.17
1/08/2012,4.65
1/09/2012,5.33
1/10/2012,5.15
1/11/2012,5.06
1/12/2012,5.08
1/01/2013,5.03
1/02/2013,5.24
1/03/2013,5.50
1/04/2013,5.41
1/05/2013,5.68
1/06/2013,5.42
1/07/2013,5.61
1/08/2013,5.89
1/09/2013,5.66
1/10/2013,5.93
1/11/2013,5.95
1/12/2013,5.83
1/01/2014,5.69
1/02/2014,5.55
1/03/2014,5.21
1/04/2014,5.35
1/05/2014,5.77
1/06/2014,5.74
1/07/2014,5.73
1/08/2014,5.70
1/09/2014,5.95
1/10/2014,5.89
1/11/2014,6.15
1/12/2014,5.90
1/01/2015,6.28
1/02/2015,6.19
1/03/2015,5.86
1/04/2015,5.84
1/05/2015,5.73
1/06/2015,5.76
1/07/2015,5.87
1/08/2015,5.86
1/09/2015,5.85
1/10/2015,5.50
1/11/2015,5.23
1/12/2015,5.09
1/01/2016,5.60
1/02/2016,5.22
1/03/2016,5.15
1/04/2016,5.21
1/05/2016,5.12
1/06/2016,5.15
1/07/2016,5.10
1/08/2016,4.95
1/09/2016,4.92
1/10/2016,4.88
1/11/2016,4.97
1/12/2016,5.22
1/01/2017,5.14
1/02/2017,5.24
1/03/2017,5.06
1/04/2017,4.69
1/05/2017,4.75
1/06/2017,4.81
1/07/2017,4.96
1/08/2017,4.90
1/09/2017,4.67
1/10/2017,4.61
1/11/2017,4.75
1/12/2017,4.91
1/01/2018,5.21
1/02/2018,4.87
1/03/2018,5.02
1/04/2018,4.99
1/05/2018,4.92
1/06/2018,4.67
1/07/2018,4.90
1/08/2018,4.64
1/09/2018,4.41
1/10/2018,4.48
1/11/2018,4.38
1/12/2018,4.45
1/01/2019,3.99
1/02/2019,4.36
1/03/2019,4.40
1/04/2019,4.58
1/05/2019,4.63
1/06/2019,4.65
1/07/2019,4.51
1/08/2019,4.31
1/09/2019,4.54
1/10/2019,4.83
1/11/2019,4.65
1/12/2019,4.58
1/01/2020,4.48
1/02/2020,4.65
1/03/2020,4.87
1/04/2020,6.32
1/05/2020,6.39
1/06/2020,6.76
1/07/2020,7.18
1/08/2020,6.35
1/09/2020,6.99
1/10/2020,6.50
1/11/2020,6.40
1/12/2020,6.45
1/01/2021,5.97
1/02/2021,5.68
1/03/2021,5.47
1/04/2021,5.48
1/05/2021,5.11
1/06/2021,5.15
1/07/2021,4.62
1/08/2021,4.64
1/09/2021,4.67
1/10/2021,5.45
1/11/2021,4.68
1/12/2021,4.15
1/01/2022,4.21
1/02/2022,3.77
1/03/2022,3.92
1/04/2022,3.56
1/05/2022,4.08
1/06/2022,3.39
1/07/2022,3.39
1/08/2022,3.40
1/09/2022,3.40
1/10/2022,3.07
1/11/2022,3.31
1/12/2022,3.25
1/01/2023,3.17
1/02/2023,3.22
1/03/2023,3.32
1/04/2023,3.45
1/05/2023,3.10
1/06/2023,2.94
1/07/2023,3.33
1/08/2023,3.55
1/09/2023,3.39
1/10/2023,3.45
1/11/2023,3.52
1/12/2023,3.57
1/01/2024,4.12
1/02/2024,3.64
1/03/2024,3.81
1/04/2024,4.00
1/05/2024,3.78
1/06/2024,3.89
1/07/2024,4.00
1/08/2024,4.00
1/09/2024,3.79
1/10/2024,3.99
1/11/2024,3.97
1/12/2024,3.82
1/01/2025,4.04
1/02/2025,4.04
1/03/2025,4.18
1/04/2025,3.87
1/05/2025,4.14
1/06/2025,4.39
1/07/2025,4.03
1/08/2025,4.16
1/09/2025,4.25
1/10/2025,4.24
1/11/2025,3.87
1/12/2025,3.95
1/01/2026,4.13
